"countries","sugars_100g","salt_100g"
"Netherland","412.42999999999995","29.59174"
"Canada","743.2200000000001","28.721923999999998"
"UK/USA","7045.429999999992","526.3100055999998"
"Australia","2349.6000000000004","192.5214260000001"
"France","1964.4400000000005","138.41300699999996"
"Germany","2091.960000000001","153.8443184"
"Spain","131.15999999999997","18.440787"
